Part no.	Lego ID	Brickset-inventory-31313-1.csv	Brickset-inventory-45544-1.csv	Brickset-inventory-45560-1.csv	Part name	Image
70902	70902	0	0	2	V-Belt Ø15, White	http://cache.lego.com/media/bricks/5/1/70902.jpg
70904	70904	0	0	2	V-Belt Ø26, Blue	http://cache.lego.com/media/bricks/5/1/70904.jpg
70905	70905	0	0	2	V-Belt Ø33, Yellow	http://cache.lego.com/media/bricks/5/1/70905.jpg
370526	3705	0	4	5	Cross Axle 4M	http://cache.lego.com/media/bricks/5/1/370526.jpg
370626	3706	9	4	1	Cross Axle 6M	http://cache.lego.com/media/bricks/5/1/370626.jpg
370726	3707	0	2	1	Cross Axle 8M	http://cache.lego.com/media/bricks/5/1/370726.jpg
370826	3708	0	2	1	Cross Axle 12M	http://cache.lego.com/media/bricks/5/1/370826.jpg
373726	3737	0	2	1	Cross Axle 10M	http://cache.lego.com/media/bricks/5/1/373726.jpg
403226	4032	0	0	4	Plate 2X2 Round	http://cache.lego.com/media/bricks/5/1/403226.jpg
611649	6116	0	0	2	Brick 2X2 Round Ii	http://cache.lego.com/media/bricks/5/1/611649.jpg
4100396	71321	1	0	2	V-Belt Ø24  / Clear Red	http://cache.lego.com/media/bricks/5/1/4100396.jpg
4107081	32039	0	0	22	Catch W. Cross Hole	http://cache.lego.com/media/bricks/5/1/4107081.jpg
4107082	32016	0	0	4	Angle Element, 157,5 Degr. [3]	http://cache.lego.com/media/bricks/5/1/4107082.jpg
4107084	32015	0	0	3	Angle Element, 112,5 Degr. [5]	http://cache.lego.com/media/bricks/5/1/4107084.jpg
4107085	32013	0	4	6	Angle Element, 0 Degrees [1]	http://cache.lego.com/media/bricks/5/1/4107085.jpg
4107767	32014	0	2	2	Angle Element, 90 Degrees [6]	http://cache.lego.com/media/bricks/5/1/4107767.jpg
4107783	32034	0	4	5	Angle Element, 180 Degrees [2]	http://cache.lego.com/media/bricks/5/1/4107783.jpg
4111998	32009	12	0	0	Double Angular Beam 3X7 45°	http://cache.lego.com/media/bricks/5/1/4111998.jpg
4112282	6629	0	4	2	Technic Angular Beam 4X6	http://cache.lego.com/media/bricks/5/1/4112282.jpg
4119589	32138	0	0	4	Module Bush	http://cache.lego.com/media/bricks/5/1/4119589.jpg
4120017	32140	8	0	0	Technic Ang. Beam 4X2 90 Deg	http://cache.lego.com/media/bricks/5/1/4120017.jpg
4121667	32184	0	8	4	Double Cross Block	http://cache.lego.com/media/bricks/5/1/4121667.jpg
4121715	2780	95	60	170	Connector Peg W. Friction	http://cache.lego.com/media/bricks/5/1/4121715.jpg
4128593	32348	4	0	0	Technic Angular Beam 4X4	http://cache.lego.com/media/bricks/5/1/4128593.jpg
4128594	32291	2	0	0	Technic Cross Block 2X1	http://cache.lego.com/media/bricks/5/1/4128594.jpg
4128598	32184	17	0	0	Double Cross Block	http://cache.lego.com/media/bricks/5/1/4128598.jpg
4140327	32271	12	0	0	Technic Angular Beam 3X7	http://cache.lego.com/media/bricks/5/1/4140327.jpg
4140430	32291	0	4	0	Technic Cross Block 2X1	http://cache.lego.com/media/bricks/5/1/4140430.jpg
4140806	32054	10	22	0	2M Fric. Snap W/Cross Hole	http://cache.lego.com/media/bricks/5/1/4140806.jpg
4141270	32140	0	6	4	Technic Ang. Beam 4X2 90 Deg	http://cache.lego.com/media/bricks/5/1/4141270.jpg
4141300	32293	4	0	0	Lt Steering Gear	http://cache.lego.com/media/bricks/5/1/4141300.jpg
4142135	32316	10	0	0	Technic 5M Beam	http://cache.lego.com/media/bricks/5/1/4142135.jpg
4142236	32449	0	2	0	Lever 1X4, Without Notch	http://cache.lego.com/media/bricks/5/1/4142236.jpg
4142822	32523	12	2	0	Technic 3M Beam	http://cache.lego.com/media/bricks/5/1/4142822.jpg
4142823	32526	6	0	0	Technic Ang. Beam 3X5 90 Deg.	http://cache.lego.com/media/bricks/5/1/4142823.jpg
4142865	32062	12	10	22	2M Cross Axle W. Groove	http://cache.lego.com/media/bricks/5/1/4142865.jpg
4143187	6575	2	0	0	Comb Wheel	http://cache.lego.com/media/bricks/5/1/4143187.jpg
4153707	32523	0	4	0	Technic 3M Beam	http://cache.lego.com/media/bricks/5/1/4153707.jpg
4153718	32523	0	4	2	Technic 3M Beam	http://cache.lego.com/media/bricks/5/1/4153718.jpg
4156151	32525	0	4	6	Technic 11M Beam	http://cache.lego.com/media/bricks/5/1/4156151.jpg
4162857	41678	0	4	0	Technic Cross Block/Fork 2X2	http://cache.lego.com/media/bricks/5/1/4162857.jpg
4164133	41677	0	0	2	Technic Lever 2M	http://cache.lego.com/media/bricks/5/1/4164133.jpg
4173941	41669	4	4	1	Bion. Eye	http://cache.lego.com/media/bricks/5/1/4173941.jpg
4173975	41678	4	0	0	Technic Cross Block/Fork 2X2	http://cache.lego.com/media/bricks/5/1/4173975.jpg
4175442	42003	14	0	0	Cross Blok 3M	http://cache.lego.com/media/bricks/5/1/4175442.jpg
4177430	32269	4	2	1	Double bevel gear, 20-tooth	http://cache.lego.com/media/bricks/5/1/4177430.jpg
4177431	32270	2	2	2	Double Conical Wheel Z12 1M	http://cache.lego.com/media/bricks/5/1/4177431.jpg
4178398	6116	0	0	2	Brick 2X2 Round Ii	http://cache.lego.com/media/bricks/5/1/4178398.jpg
4184169	6628	6	0	8	Ball With Friction Snap	http://cache.lego.com/media/bricks/5/1/4184169.jpg
4184286	44309	4	0	2	Tyre Normal Wide Ø43,2 X 22	http://cache.lego.com/media/bricks/5/1/4184286.jpg
4185661	41669	6	0	2	Bion. Eye	http://cache.lego.com/media/bricks/5/1/4185661.jpg
4188298	6536	8	0	0	Cross Block 90°	http://cache.lego.com/media/bricks/5/1/4188298.jpg
4189131	32014	1	0	0	Angle Element, 90 Degrees [6]	http://cache.lego.com/media/bricks/5/1/4189131.jpg
4189936	32192	4	0	0	Angle Element 135 Deg. [4]	http://cache.lego.com/media/bricks/5/1/4189936.jpg
4198367	45590	0	4	0	Damper 2M	http://cache.lego.com/media/bricks/5/1/4198367.jpg
4206482	43093	28	20	57	Conn.Bush W.Fric./Crossale	http://cache.lego.com/media/bricks/5/1/4206482.jpg
4207456	6538	0	0	1	Cross Axle, Extension M/3 Ribs	http://cache.lego.com/media/bricks/5/1/4207456.jpg
4208160	32523	0	0	1	Technic 3M Beam	http://cache.lego.com/media/bricks/5/1/4208160.jpg
4210665	6553	0	0	2	Catch	http://cache.lego.com/media/bricks/5/1/4210665.jpg
4210759	6575	0	0	2	Comb Wheel	http://cache.lego.com/media/bricks/5/1/4210759.jpg
4210857	42003	0	8	4	Cross Blok 3M	http://cache.lego.com/media/bricks/5/1/4210857.jpg
4211026	32005	0	0	2	Track Rod 6M,	http://cache.lego.com/media/bricks/5/1/4211026.jpg
4211375	2736	6	0	2	Ball W. Cross Axle	http://cache.lego.com/media/bricks/5/1/4211375.jpg
4211510	4716	2	2	1	Worm	http://cache.lego.com/media/bricks/5/1/4211510.jpg
4211553	32039	2	0	0	Catch W. Cross Hole	http://cache.lego.com/media/bricks/5/1/4211553.jpg
4211566	6632	1	0	10	Technic Lever 3M	http://cache.lego.com/media/bricks/5/1/4211566.jpg
4211610	32140	0	0	8	Technic Ang. Beam 4X2 90 Deg	http://cache.lego.com/media/bricks/5/1/4211610.jpg
4211622	6590	0	10	45	Bush For Cross Axle	http://cache.lego.com/media/bricks/5/1/4211622.jpg
4211624	32271	0	4	0	Technic Angular Beam 3X7	http://cache.lego.com/media/bricks/5/1/4211624.jpg
4211639	32073	9	6	8	Cross Axle 5M	http://cache.lego.com/media/bricks/5/1/4211639.jpg
4211651	32316	0	4	5	Technic 5M Beam	http://cache.lego.com/media/bricks/5/1/4211651.jpg
4211655	32523	0	0	10	Technic 3M Beam	http://cache.lego.com/media/bricks/5/1/4211655.jpg
4211713	32526	0	2	6	Technic Ang. Beam 3X5 90 Deg.	http://cache.lego.com/media/bricks/5/1/4211713.jpg
4211714	32557	0	0	4	Technic Crossblock 2X3	http://cache.lego.com/media/bricks/5/1/4211714.jpg
4211741	41677	0	0	1	Technic Lever 2M	http://cache.lego.com/media/bricks/5/1/4211741.jpg
4211758	42610	4	0	7	Hub Ø11,2 X 7,84	http://cache.lego.com/media/bricks/5/1/4211758.jpg
4211775	6536	0	8	4	Cross Block 90°	http://cache.lego.com/media/bricks/5/1/4211775.jpg
4211805	44294	2	5	2	Cross Axle 7M	http://cache.lego.com/media/bricks/5/1/4211805.jpg
4211807	3673	4	10	0	Connector Peg	http://cache.lego.com/media/bricks/5/1/4211807.jpg
4211815	4519	22	14	12	Cross Axle 3M	http://cache.lego.com/media/bricks/5/1/4211815.jpg
4211845	44772	0	0	4	Rim Extra-Wide	http://cache.lego.com/media/bricks/5/1/4211845.jpg
4211862	43857	0	0	3	Technic 2M Beam	http://cache.lego.com/media/bricks/5/1/4211862.jpg
4211866	40490	0	6	7	Technic 9M Beam	http://cache.lego.com/media/bricks/5/1/4211866.jpg
4211888	32138	4	0	0	Module Bush	http://cache.lego.com/media/bricks/5/1/4211888.jpg
4225033	48989	12	6	10	Beam 3 M. W/4 Snaps	http://cache.lego.com/media/bricks/5/1/4225033.jpg
4227155	6590	9	0	0	Bush For Cross Axle	http://cache.lego.com/media/bricks/5/1/4227155.jpg
4234240	32009	0	0	4	Double Angular Beam 3X7 45°	http://cache.lego.com/media/bricks/5/1/4234240.jpg
4234429	32034	6	0	0	Angle Element, 180 Degrees [2]	http://cache.lego.com/media/bricks/5/1/4234429.jpg
4237267	6542	0	0	2	Gear Wheel Z16-Ø4.9	http://cache.lego.com/media/bricks/5/1/4237267.jpg
4239601	32123	11	10	16	1/2 Bush	http://cache.lego.com/media/bricks/5/1/4239601.jpg
4246901	50951	2	0	0	Tyre Low Narrow Ø14.58 X 6.24	http://cache.lego.com/media/bricks/5/1/4246901.jpg
4248204	32072	4	4	0	Technic Angular Wheel	http://cache.lego.com/media/bricks/5/1/4248204.jpg
4254606	32013	4	0	0	Angle Element, 0 Degrees [1]	http://cache.lego.com/media/bricks/5/1/4254606.jpg
4255563	32498	5	2	0	Double Conical Wheel Z36	http://cache.lego.com/media/bricks/5/1/4255563.jpg
4268659	32494	0	0	2	Lt Cardan Ball	http://cache.lego.com/media/bricks/5/1/4268659.jpg
4270473	6641	0	0	1	Technic Change-Over Catch	http://cache.lego.com/media/bricks/5/1/4270473.jpg
4278359	2654	0	0	2	Slide Shoe Round 2X2	http://cache.lego.com/media/bricks/5/1/4278359.jpg
4278957	6539	0	0	1	Driving Ring	http://cache.lego.com/media/bricks/5/1/4278957.jpg
4285634	3649	0	2	2	Gear Wheel 40T	http://cache.lego.com/media/bricks/5/1/4285634.jpg
4296059	55615	0	4	4	Angular Beam 90Degr. W.4 Snaps	http://cache.lego.com/media/bricks/5/1/4296059.jpg
4297210	56145	0	0	3	Rim Wide W.Cross 30/20	http://cache.lego.com/media/bricks/5/1/4297210.jpg
4299389	56145	4	0	0	Rim Wide W.Cross 30/20	http://cache.lego.com/media/bricks/5/1/4299389.jpg
4490127	55982	0	0	5	Rim Wide 18/14 W. Cross Ø4.8	http://cache.lego.com/media/bricks/5/1/4490127.jpg
4494222	4185	3	0	0	Wedge-Belt Wheel Ø24	http://cache.lego.com/media/bricks/5/1/4494222.jpg
4495412	32009	0	4	2	Double Angular Beam 3X7 45°	http://cache.lego.com/media/bricks/5/1/4495412.jpg
4495930	32524	0	4	16	Technic 7M Beam	http://cache.lego.com/media/bricks/5/1/4495930.jpg
4495935	32524	6	0	0	Technic 7M Beam	http://cache.lego.com/media/bricks/5/1/4495935.jpg
4499858	55013	6	2	6	Cross Axle 8M With End Stop	http://cache.lego.com/media/bricks/5/1/4499858.jpg
4502595	57585	1	2	0	3-Branch Cross Axle W/Cross H.	http://cache.lego.com/media/bricks/5/1/4502595.jpg
4502834	53992	2	0	0	Caterpillar Track	http://cache.lego.com/media/bricks/5/1/4502834.jpg
4508553	59426	2	0	4	Cross Axle 5,5  With Stop 1M.	http://cache.lego.com/media/bricks/5/1/4508553.jpg
4509376	32523	0	4	0	Technic 3M Beam	http://cache.lego.com/media/bricks/5/1/4509376.jpg
4509912	32348	0	6	0	Technic Angular Beam 4X4	http://cache.lego.com/media/bricks/5/1/4509912.jpg
4513174	59443	3	6	4	Cross Axle, Extension, 2M	http://cache.lego.com/media/bricks/5/1/4513174.jpg
4514553	6558	38	30	33	Connector Peg W. Friction 3M	http://cache.lego.com/media/bricks/5/1/4514553.jpg
4514554	32556	4	6	14	3M Connector Peg	http://cache.lego.com/media/bricks/5/1/4514554.jpg
4514557	32198	1	0	1	Bevel Gear Z20	http://cache.lego.com/media/bricks/5/1/4514557.jpg
4514558	3648	2	4	3	Gear Wheel Z24	http://cache.lego.com/media/bricks/5/1/4514558.jpg
4522933	41239	4	0	0	Technic 13M Beam	http://cache.lego.com/media/bricks/5/1/4522933.jpg
4522934	41239	0	6	0	Technic 13M Beam	http://cache.lego.com/media/bricks/5/1/4522934.jpg
4525184	62821	0	0	1	Differentiale 3M Z 28	http://cache.lego.com/media/bricks/5/1/4525184.jpg
4525904	61903	0	0	2	Propeller Shaft	http://cache.lego.com/media/bricks/5/1/4525904.jpg
4526985	62462	2	4	2	Tube W/Double Ø4.85	http://cache.lego.com/media/bricks/5/1/4526985.jpg
4530733	32005	2	0	0	Track Rod 6M,	http://cache.lego.com/media/bricks/5/1/4530733.jpg
4535768	60485	1	2	5	Cross Axle 9M	http://cache.lego.com/media/bricks/5/1/4535768.jpg
4538007	63869	2	6	2	Cross Block 3X2	http://cache.lego.com/media/bricks/5/1/4538007.jpg
4539880	64179	2	3	9	Beam Frame 5X7 Ø 4.85	http://cache.lego.com/media/bricks/5/1/4539880.jpg
4540100	61070	1	0	0	Right Screen Ø 4.85 4X7X4	http://cache.lego.com/media/bricks/5/1/4540100.jpg
4540797	64178	2	1	6	Beam R. Frame 5X11 Ø4.85	http://cache.lego.com/media/bricks/5/1/4540797.jpg
4540906	64781	0	0	2	Rack 13 M	http://cache.lego.com/media/bricks/5/1/4540906.jpg
4541325	64391	0	0	2	Right Panel 3X7	http://cache.lego.com/media/bricks/5/1/4541325.jpg
4541326	64392	0	1	0	Left Panel 5X11	http://cache.lego.com/media/bricks/5/1/4541326.jpg
4541924	64683	0	0	2	Left Panel 3X7	http://cache.lego.com/media/bricks/5/1/4541924.jpg
4542573	64871	4	0	0	Technic 15M Beam	http://cache.lego.com/media/bricks/5/1/4542573.jpg
4542578	64871	0	6	13	Technic 15M Beam	http://cache.lego.com/media/bricks/5/1/4542578.jpg
4543490	64682	0	1	0	Right Panel 5X11	http://cache.lego.com/media/bricks/5/1/4543490.jpg
4544140	85543	0	0	2	V-Belt Ø15, White	http://cache.lego.com/media/bricks/5/1/4544140.jpg
4544143	85544	1	0	2	V-Belt Ø 24, Red	http://cache.lego.com/media/bricks/5/1/4544143.jpg
4544147	85545	0	0	2	V-Belt Ø26, Blue	http://cache.lego.com/media/bricks/5/1/4544147.jpg
4544151	85546	0	0	2	V-Belt Ø33, Yellow	http://cache.lego.com/media/bricks/5/1/4544151.jpg
4544720	64288	0	0	4	Nose Cone Small 1X1 - Tr	http://cache.lego.com/media/bricks/5/1/4544720.jpg
4545430	54821	3	0	0	Ball Ø16,5	http://cache.lego.com/media/bricks/5/1/4545430.jpg
4547581	64683	3	0	0	Left Panel 3X7	http://cache.lego.com/media/bricks/5/1/4547581.jpg
4547582	64391	3	0	0	Right Panel 3X7	http://cache.lego.com/media/bricks/5/1/4547582.jpg
4552347	60484	4	4	2	T-Beam 3X3 W/Hole Ø4.8	http://cache.lego.com/media/bricks/5/1/4552347.jpg
4558690	87407	0	0	2	Cone Wheel Z20 Ø4.85	http://cache.lego.com/media/bricks/5/1/4558690.jpg
4558692	87408	1	0	1	Beam 3M Ø4.85 W. Fork	http://cache.lego.com/media/bricks/5/1/4558692.jpg
4558731	64393	0	0	1	Right Panel 3X11	http://cache.lego.com/media/bricks/5/1/4558731.jpg
4558740	64680	0	0	1	Right Panel 5X7	http://cache.lego.com/media/bricks/5/1/4558740.jpg
4558774	64681	0	0	1	Left Panel 3X11	http://cache.lego.com/media/bricks/5/1/4558774.jpg
4558775	64394	0	0	1	Left Panel 5X7	http://cache.lego.com/media/bricks/5/1/4558775.jpg
4558797	64393	3	0	0	Right Panel 3X11	http://cache.lego.com/media/bricks/5/1/4558797.jpg
4558802	64681	3	0	0	Left Panel 3X11	http://cache.lego.com/media/bricks/5/1/4558802.jpg
4560175	87082	6	4	2	Double Bush 3M Ø4.9	http://cache.lego.com/media/bricks/5/1/4560175.jpg
4560177	87083	4	0	0	Axle with stop, 4-module	http://cache.lego.com/media/bricks/5/1/4560177.jpg
4562805	64290	4	0	0	Technic 11M Beam	http://cache.lego.com/media/bricks/5/1/4562805.jpg
4563044	33299	0	2	1	2X1X3 Steering Knuckle Arm	http://cache.lego.com/media/bricks/5/1/4563044.jpg
4565452	6589	1	2	3	Conical Wheel Z12	http://cache.lego.com/media/bricks/5/1/4565452.jpg
4566249	87086	0	1	1	Right Panel 3X5	http://cache.lego.com/media/bricks/5/1/4566249.jpg
4566251	87080	0	1	1	Left Panel 3X5	http://cache.lego.com/media/bricks/5/1/4566251.jpg
4582792	57519	0	4	2	Sprocket, Ø¸40,7	http://cache.lego.com/media/bricks/5/1/4582792.jpg
4585040	32526	0	4	0	Technic Ang. Beam 3X5 90 Deg.	http://cache.lego.com/media/bricks/5/1/4585040.jpg
4587275	4185	0	4	0	Wedge-Belt Wheel Ø24	http://cache.lego.com/media/bricks/5/1/4587275.jpg
4610374	92906	0	0	2	Cardan Cup With Cross Axle 2M	http://cache.lego.com/media/bricks/5/1/4610374.jpg
4610377	92908	0	0	2	Gear Block 3½ 6½X3	http://cache.lego.com/media/bricks/5/1/4610377.jpg
4610378	92909	0	0	2	3 Snap Gearblok	http://cache.lego.com/media/bricks/5/1/4610378.jpg
4610379	92910	0	0	1	Power Joint Ballpart	http://cache.lego.com/media/bricks/5/1/4610379.jpg
4610380	92911	0	1	1	Power Joint	http://cache.lego.com/media/bricks/5/1/4610380.jpg
4611705	64290	0	4	6	Technic 11M Beam	http://cache.lego.com/media/bricks/5/1/4611705.jpg
4614801	44771	0	0	4	Tire Extra-Wide	http://cache.lego.com/media/bricks/5/1/4614801.jpg
4624645	50163	0	0	1	Turntable Ø4.85	http://cache.lego.com/media/bricks/5/1/4624645.jpg
4629920	32005	0	0	2	Track Rod 6M,	http://cache.lego.com/media/bricks/5/1/4629920.jpg
4629921	32005	2	0	0	Track Rod 6M,	http://cache.lego.com/media/bricks/5/1/4629921.jpg
4630114	92907	2	0	0	Cross Block/Form 2X2X2	http://cache.lego.com/media/bricks/5/1/4630114.jpg
4631648	43675	0	0	4	Corrugated Pipe 152Mm	http://cache.lego.com/media/bricks/5/1/4631648.jpg
4634091	56908	0	2	2	Rim Wide 43,2X26 W 6 Hol.Ø 4.8	http://cache.lego.com/media/bricks/5/1/4634091.jpg
4639695	89201	0	0	2	Tyre Low Wide Ø24 X 14	http://cache.lego.com/media/bricks/5/1/4639695.jpg
4640536	94925	0	4	0	Gear Wheel Z16	http://cache.lego.com/media/bricks/5/1/4640536.jpg
4645732	64289	8	0	0	Technic 9M Beam	http://cache.lego.com/media/bricks/5/1/4645732.jpg
4646864	98138	0	0	6	Flat Tile 1X1, Round	http://cache.lego.com/media/bricks/5/1/4646864.jpg
4652234	98989	0	0	3	Krydsblok 2X4	http://cache.lego.com/media/bricks/5/1/4652234.jpg
4652235	99009	0	2	0	Lower Part For Turntable Z28	http://cache.lego.com/media/bricks/5/1/4652235.jpg
4652236	99010	0	2	0	Upper Part For Turntable Z28	http://cache.lego.com/media/bricks/5/1/4652236.jpg
4654432	98585	0	0	2	Weapon Barrel	http://cache.lego.com/media/bricks/5/1/4654432.jpg
4656205	98347	4	0	0	Blade W. Technic Hole 1	http://cache.lego.com/media/bricks/5/1/4656205.jpg
4657296	98568	6	0	0	Sword	http://cache.lego.com/media/bricks/5/1/4657296.jpg
4666579	6562	0	8	6	Connector Peg/Cross Axle	http://cache.lego.com/media/bricks/5/1/4666579.jpg
4666999	99008	3	0	2	Krydsaksel M/Stop 4M	http://cache.lego.com/media/bricks/5/1/4666999.jpg
6005331	10197	0	0	2	Beam 1M W. 2 Cross Axles 90°	http://cache.lego.com/media/bricks/5/1/6005331.jpg
6005755	10288	0	0	5	3 Branch Crosshole W. Hole	http://cache.lego.com/media/bricks/5/1/6005755.jpg
6006140	74695	10	4	6	Beam 1X2 W/Cross And Hole	http://cache.lego.com/media/bricks/5/1/6006140.jpg
6007973	32523	0	4	0	Technic 3M Beam	http://cache.lego.com/media/bricks/5/1/6007973.jpg
6008472	95648	1	2	0	Ms, Ev3, Touch Sensor	http://cache.lego.com/media/bricks/5/1/6008472.jpg
6008527	44809	0	2	0	Hto  V Beam 90 Degr.	http://cache.lego.com/media/bricks/5/1/6008527.jpg
6008577	99455	1	1	0	Ms-Ev3, Medium Motor	http://cache.lego.com/media/bricks/5/1/6008577.jpg
6008916	99380	0	1	0	Ms, Ev3, Gyro Sensor	http://cache.lego.com/media/bricks/5/1/6008916.jpg
6008919	95650	1	1	0	Ms, Ev3, Sensor, Colour	http://cache.lego.com/media/bricks/5/1/6008919.jpg
6009019	99773	0	4	5	Triangel	http://cache.lego.com/media/bricks/5/1/6009019.jpg
6009430	95658	2	2	0	Ms-Ev3, Large Motor	http://cache.lego.com/media/bricks/5/1/6009430.jpg
6009811	95654	1	0	0	Ms-Ev3, Ir Sensor	http://cache.lego.com/media/bricks/5/1/6009811.jpg
6009996	95646	1	1	0	Ms-Ev3, P-Brick	http://cache.lego.com/media/bricks/5/1/6009996.jpg
6012451	10928	0	4	2	Gear Wheel T=8, M=1	http://cache.lego.com/media/bricks/5/1/6012451.jpg
6012820	95656	0	1	0	Rechargeable Battery	http://cache.lego.com/media/bricks/5/1/6012820.jpg
6013936	32068	4	0	0	Technic Steering-Gear 3M	http://cache.lego.com/media/bricks/5/1/6013936.jpg
6013938	32002	0	0	6	1 1/2 M Connecting Bush	http://cache.lego.com/media/bricks/5/1/6013938.jpg
6014051	72156	1	0	0	Ms-Ev3, Ir Beacon	http://cache.lego.com/media/bricks/5/1/6014051.jpg
6014648	88323	0	54	5	Track Element, 5X1,5	http://cache.lego.com/media/bricks/5/1/6014648.jpg
6015596	61070	1	0	0	Right Screen Ø 4.85 4X7X4	http://cache.lego.com/media/bricks/5/1/6015596.jpg
6015597	61071	1	0	0	Left Screen Ø 4.85 4X7X4	http://cache.lego.com/media/bricks/5/1/6015597.jpg
6022750	11946	0	0	2	Right Panel 2X5 (N0 21)	http://cache.lego.com/media/bricks/5/1/6022750.jpg
6022752	11947	0	0	2	Left Panel 2X5 (Nr 22)	http://cache.lego.com/media/bricks/5/1/6022752.jpg
6024106	54271	1	0	0	Shooter	http://cache.lego.com/media/bricks/5/1/6024106.jpg
6024109	53550	1	0	0	Magasine For Balls Ø16.5	http://cache.lego.com/media/bricks/5/1/6024109.jpg
6024581	11145	4	4	0	Cable 250 Mm	http://cache.lego.com/media/bricks/4/1/6024581.jpg
6024583	11146	2	2	0	Cable 350 Mm	http://cache.lego.com/media/bricks/4/1/6024583.jpg
6024585	11147	1	1	0	Cable 500 Mm	http://cache.lego.com/media/bricks/4/1/6024585.jpg
6027626	98578	0	0	2	Half Spike Ball	http://cache.lego.com/media/bricks/5/1/6027626.jpg
6028041	2815	3	4	0	Tyre For Wedge-Belt Wheel	http://cache.lego.com/media/bricks/5/1/6028041.jpg
6030286	11478	0	0	4	Lever 5M	http://cache.lego.com/media/bricks/5/1/6030286.jpg
6031821	13670	4	2	16	Crossaxle 3M With Knob	http://cache.lego.com/media/bricks/5/1/6031821.jpg
6031916	11954	0	0	4	Bowed Panel 3X11X2 Ø4,85 (X19)	http://cache.lego.com/media/bricks/5/1/6031916.jpg
6031962	32198	1	0	1	Bevel Gear Z20	http://cache.lego.com/media/bricks/5/1/6031962.jpg
6035364	41897	0	2	2	Tyre Low Wide Ø56 X 28	http://cache.lego.com/media/bricks/5/1/6035364.jpg
6036424	14149	0	0	28	Rubber Attachment For Track Element	http://cache.lego.com/media/bricks/5/1/6036424.jpg
6036901	10916	1	1	0	USB Cable	http://cache.lego.com/media/bricks/4/1/6036901.jpg
6044636	14925	0	0	2	Flex Hose 19M W/3. 18 Stick	http://cache.lego.com/media/bricks/5/1/6044636.jpg
6044729	13971	0	0	1	Rim Narrow Ø18X7 W Hole Ø4.8	http://cache.lego.com/media/bricks/5/1/6044729.jpg
6045310	15038	0	0	4	Rim Ø 56 X 34	http://cache.lego.com/media/bricks/5/1/6045310.jpg
6062225	44771	0	0	4	Tyre Low Wide Ø68,8 X 36	http://cache.lego.com/media/bricks/5/1/6062225.jpg
6063629	95652	0	1	0	Ms-Ev3, Ultrasonic Sensor	http://cache.lego.com/media/bricks/5/1/6063629.jpg
6079570	99948	0	1	0	Steel Ball	http://cache.lego.com/media/bricks/5/1/6079570.jpg
6083620	87083	4	2	8	Cross Axle 4M With End Stop	http://cache.lego.com/media/bricks/5/1/6083620.jpg
6093977	18575	4	2	1	Double Conical Wheel Z20 1M	http://cache.lego.com/media/bricks/5/1/6093977.jpg
6099696	19437	0	0	1	Technic Change-Over Catch	http://cache.lego.com/media/bricks/5/1/6099696.jpg
6102449	64289	0	6	7	Technic 9M Beam	http://cache.lego.com/media/bricks/5/1/6102449.jpg
6122217	19991	0	0	2	Lt Cardan Ball	http://cache.lego.com/media/bricks/5/1/6122217.jpg
6132629	95654	1	0	0	Ms-Ev3, Ir Sensor	http://cache.lego.com/media/bricks/5/1/6132629.jpg
